url,checksum
https://wordpress.clir.org/wp-content/uploads/sites/10/2017/12/2002_Frye1-150x150.jpg,e53e9c3a7fa27d27a4c98ccc4dedf0fb
https://wordpress.clir.org/wp-content/uploads/sites/10/2017/12/2002_Frye1-300x134.jpg,e4d3118fed1446cddbe1e119a317203d
https://wordpress.clir.org/wp-content/uploads/sites/10/2017/12/2002_Frye1-400x236.jpg,8d75d42db547c85b914ee665e405b1a5
https://wordpress.clir.org/wp-content/uploads/sites/10/2017/12/2002_Frye1.jpg,ec4b2ab00d6ddde1447ffb7898a46b91
https://wordpress.clir.org/wp-content/uploads/sites/10/2017/12/2014-05-31-22.06.24-150x150.jpg,f8caa65dbdae2b1228f303256723c29d
https://wordpress.clir.org/wp-content/uploads/sites/10/2017/12/2014-05-31-22.06.24-1920x1080.jpg,96ac4e4f6819e24227d12bdc0369f229
https://wordpress.clir.org/wp-content/uploads/sites/10/2017/12/2014-05-31-22.06.24-225x300.jpg,160a8a87300f2be789012a718d5ced29
https://wordpress.clir.org/wp-content/uploads/sites/10/2017/12/2014-05-31-22.06.24-400x300.jpg,83b078d07da3eb6c8f219f889b877b3c
https://wordpress.clir.org/wp-content/uploads/sites/10/2017/12/2014-05-31-22.06.24-640x360.jpg,3f3b3435347f8c27b44bdd5f70caa00f
https://wordpress.clir.org/wp-content/uploads/sites/10/2017/12/2014-05-31-22.06.24-768x1024.jpg,515cd8eed3062f89b9b7d1a3f8db1030
https://wordpress.clir.org/wp-content/uploads/sites/10/2017/12/2014-05-31-22.06.24.jpg,6177f77cbefce385ba6542a11ca25547
https://wordpress.clir.org/wp-content/uploads/sites/10/2017/12/Auel_130605_6703-2-1024x683.jpg,e5f3fe91b5b3b264e2a7c82a112b380c
https://wordpress.clir.org/wp-content/uploads/sites/10/2017/12/Auel_130605_6703-2-150x150.jpg,517751a154fc7a9ebf4a8415124cb06f
https://wordpress.clir.org/wp-content/uploads/sites/10/2017/12/Auel_130605_6703-2-1920x1080.jpg,d3ea59a310321216cc67ad010dfe33b6
https://wordpress.clir.org/wp-content/uploads/sites/10/2017/12/Auel_130605_6703-2-300x200.jpg,e9bddb061f315426566a49e7a8479f14
https://wordpress.clir.org/wp-content/uploads/sites/10/2017/12/Auel_130605_6703-2-400x300.jpg,b6b1f33ba5628bf56154f22e33dc33be
https://wordpress.clir.org/wp-content/uploads/sites/10/2017/12/Auel_130605_6703-2-640x360.jpg,5e51fa3619704b801be0b236e0571132
https://wordpress.clir.org/wp-content/uploads/sites/10/2017/12/Auel_130605_6703-2-768x512.jpg,ae3ce86f8f719e4d3d275e446dc25d70
https://wordpress.clir.org/wp-content/uploads/sites/10/2017/12/Auel_130605_6703-2.jpg,4869b519b7b209d4667aa8b9ed3b9252
https://wordpress.clir.org/wp-content/uploads/sites/10/2017/12/Auel_130605_6855-2-1024x683.jpg,a34fe5dbee9c8f556ba7ad4a46955c30
https://wordpress.clir.org/wp-content/uploads/sites/10/2017/12/Auel_130605_6855-2-150x150.jpg,1feeae611bcd429bf9b34c50454258d9
https://wordpress.clir.org/wp-content/uploads/sites/10/2017/12/Auel_130605_6855-2-1920x1080.jpg,85b4518005cd372841e89285eef6c553
https://wordpress.clir.org/wp-content/uploads/sites/10/2017/12/Auel_130605_6855-2-300x200.jpg,ca3430031d85a31758ef9ebded55b4be
https://wordpress.clir.org/wp-content/uploads/sites/10/2017/12/Auel_130605_6855-2-400x300.jpg,2c3ca2cc3ef5c03082c93c4240a6f36e
https://wordpress.clir.org/wp-content/uploads/sites/10/2017/12/Auel_130605_6855-2-640x360.jpg,61565c0015ca7e8809bc5ad16ca8dded
https://wordpress.clir.org/wp-content/uploads/sites/10/2017/12/Auel_130605_6855-2-768x512.jpg,2fba8a70691566a0681baf3bc51ff32f
https://wordpress.clir.org/wp-content/uploads/sites/10/2017/12/Auel_130605_6855-2.jpg,fedc5c71d4113ebea449ff666a5fe549
https://wordpress.clir.org/wp-content/uploads/sites/10/2017/12/Auel_130605_6859-2-1024x683.jpg,da141a0f0c5203bd311b45070c6800ef
https://wordpress.clir.org/wp-content/uploads/sites/10/2017/12/Auel_130605_6859-2-150x150.jpg,5a213c432e30e529d994c0727ebadcd7
https://wordpress.clir.org/wp-content/uploads/sites/10/2017/12/Auel_130605_6859-2-1920x1080.jpg,665163e049ca94ee082b80fe7d13a124
https://wordpress.clir.org/wp-content/uploads/sites/10/2017/12/Auel_130605_6859-2-300x200.jpg,aed06b4ae408c2039a7f99c87158b262
https://wordpress.clir.org/wp-content/uploads/sites/10/2017/12/Auel_130605_6859-2-400x300.jpg,c14b6463bfe11a7d55844def0d36238e
https://wordpress.clir.org/wp-content/uploads/sites/10/2017/12/Auel_130605_6859-2-640x360.jpg,fb8162ed551254ca8f3ea67c993d7768
https://wordpress.clir.org/wp-content/uploads/sites/10/2017/12/Auel_130605_6859-2-768x512.jpg,300ecff947844ef7cd8599bcf47c05a5
https://wordpress.clir.org/wp-content/uploads/sites/10/2017/12/Auel_130605_6859-2.jpg,9861e61acc134a5165e12a963d795e03
https://wordpress.clir.org/wp-content/uploads/sites/10/2017/12/Auel_130605_6880-2-1024x683.jpg,117a51b42dbb1ae8fdd7541aa0d0ea3e
https://wordpress.clir.org/wp-content/uploads/sites/10/2017/12/Auel_130605_6880-2-150x150.jpg,19374658cadb0ca69940fee4444d8a12
https://wordpress.clir.org/wp-content/uploads/sites/10/2017/12/Auel_130605_6880-2-1920x1080.jpg,583aa1b3e779ae40a15b630070e1442f
https://wordpress.clir.org/wp-content/uploads/sites/10/2017/12/Auel_130605_6880-2-300x200.jpg,59323fd6241671376ceea8622ecad3a3
https://wordpress.clir.org/wp-content/uploads/sites/10/2017/12/Auel_130605_6880-2-400x300.jpg,4c84aca890021e131f9511ec71ac1fc3
https://wordpress.clir.org/wp-content/uploads/sites/10/2017/12/Auel_130605_6880-2-640x360.jpg,a9f2b37ae0f7f917b68b1b7481efe232
https://wordpress.clir.org/wp-content/uploads/sites/10/2017/12/Auel_130605_6880-2-768x512.jpg,6c12fe589bdff638ac7efce3089339db
https://wordpress.clir.org/wp-content/uploads/sites/10/2017/12/Auel_130605_6880-2.jpg,9cc917f90767d8fee0c84c7ed9747ea4
https://wordpress.clir.org/wp-content/uploads/sites/10/2017/12/Auel_130605_6978-2-1024x683.jpg,31d2f7e91f8f08da26782254094afc96
https://wordpress.clir.org/wp-content/uploads/sites/10/2017/12/Auel_130605_6978-2-150x150.jpg,ad6fd26ec3c8c2327f274616d71dfd10
https://wordpress.clir.org/wp-content/uploads/sites/10/2017/12/Auel_130605_6978-2-1920x1080.jpg,96bbbeb99c248e7de86bb46e56619630
https://wordpress.clir.org/wp-content/uploads/sites/10/2017/12/Auel_130605_6978-2-400x300.jpg,af3fe015eeb372e13a39219f1e24a76c
https://wordpress.clir.org/wp-content/uploads/sites/10/2017/12/Auel_130605_6978-2-300x200.jpg,1b16c995abf89c4e22ed61756aded238
https://wordpress.clir.org/wp-content/uploads/sites/10/2017/12/Joanne2-267x300.pngAuel_130605_6978-2-768x512.jpg,4af3408fca3ccfdb889e3f0e3301a553
https://wordpress.clir.org/wp-content/uploads/sites/10/2017/12/Joanne2-267x300.pngAuel_130605_6978-2.jpg,95616aded22c4504340b299c1f4d194c
https://wordpress.clir.org/wp-content/uploads/sites/10/2017/12/Joanne2-267x300.pngBilly-Frye-150x150.jpg,e4b53c7b2d8276e70560dc21fc72c692
https://wordpress.clir.org/wp-content/uploads/sites/10/2017/12/Joanne2-267x300.pngBilly-Frye-300x200.jpg,925555ca4dc5b127de35ec3d292e9570
https://wordpress.clir.org/wp-content/uploads/sites/10/2017/12/Joanne2-267x300.pngBilly-Frye-400x300.jpg,edbfee0ef060750a9bbbcc78e673cc12
https://wordpress.clir.org/wp-content/uploads/sites/10/2017/12/Joanne2-267x300.pngBilly-Frye.jpg,3ea7693d4b824e414447f98c4aebace7
https://wordpress.clir.org/wp-content/uploads/sites/10/2017/12/Joanne2-267x300.pngclir-150x150.png,bbaf16d5c1f07a106090619f50e9399c
https://wordpress.clir.org/wp-content/uploads/sites/10/2017/12/Joanne2-267x300.pngclir-300x300.png,89be5b512d75dadd74286a4a037d07dc
https://wordpress.clir.org/wp-content/uploads/sites/10/2017/12/Joanne2-267x300.pngclir-400x300.png,c16261d8e0cefd0b9c98a2c609fa1f44
https://wordpress.clir.org/wp-content/uploads/sites/10/2017/12/Joanne2-267x300.pngclir-400x360.png,a523716f7e57f6b3f007c3425738b51b
https://wordpress.clir.org/wp-content/uploads/sites/10/2017/12/Joanne2-267x300.pngclir.png,e86706c41491d2d44313be6327e8b4df
https://wordpress.clir.org/wp-content/uploads/sites/10/2017/12/Joanne2-267x300.pngDLFForumLCI-1024x576.jpg,386b78317ff408191deb70df68d239ff
https://wordpress.clir.org/wp-content/uploads/sites/10/2017/12/Joanne2-267x300.pngDLFForumLCI-150x150.jpg,53c14e5c86dbe67dfa51aca6c4b27ad4
https://wordpress.clir.org/wp-content/uploads/sites/10/2017/12/Joanne2-267x300.pngDLFForumLCI-1920x1080.jpg,88436935581f9820da0481679ad58540
https://wordpress.clir.org/wp-content/uploads/sites/10/2017/12/Joanne2-267x300.pngDLFForumLCI-300x169.jpg,1716579ad99dd4b4f8301d8d58c93988
https://wordpress.clir.org/wp-content/uploads/sites/10/2017/12/Joanne2-267x300.pngDLFForumLCI-400x300.jpg,26d8f999fba62da84d0daebed8293ef7
https://wordpress.clir.org/wp-content/uploads/sites/10/2017/12/Joanne2-267x300.pngDLFForumLCI-640x360.jpg,01d02cbbf6011877057963c63a110802
https://wordpress.clir.org/wp-content/uploads/sites/10/2017/12/Joanne2-267x300.pngDLFForumLCI-768x432.jpg,7233f18161162ac2dff27fa636f4080a
https://wordpress.clir.org/wp-content/uploads/sites/10/2017/12/Joanne2-267x300.pngDLFForumLCI.jpg,2365e094887f6dc6518239e18eea4966
https://wordpress.clir.org/wp-content/uploads/sites/10/2017/12/Joanne2-267x300.pngElliott2-150x150.png,e0253b2bb985c6628dac0d6432e50c5e
https://wordpress.clir.org/wp-content/uploads/sites/10/2017/12/Joanne2-267x300.pngElliott2-1841x1080.png,f50936c0a795e9b36249a7af0d54cd7d
https://wordpress.clir.org/wp-content/uploads/sites/10/2017/12/Joanne2-267x300.pngElliott2-267x300.png,6036bcc37793fa748eccf7e7f49229cd
https://wordpress.clir.org/wp-content/uploads/sites/10/2017/12/Joanne2-267x300.pngElliott2-400x300.png,936e969ec4131c76e4983d589a67b763
https://wordpress.clir.org/wp-content/uploads/sites/10/2017/12/Joanne2-267x300.pngElliott2-640x360.png,8d172694c7cf842dcbfcbb4170bd5e40
https://wordpress.clir.org/wp-content/uploads/sites/10/2017/12/Joanne2-267x300.pngElliott2-768x861.png,9208aaf0ae300e06589860ed9a96529a
https://wordpress.clir.org/wp-content/uploads/sites/10/2017/12/Joanne2-267x300.pngElliott2-913x1024.png,97274f6eda35f46ed1163e68ccacb3e4
https://wordpress.clir.org/wp-content/uploads/sites/10/2017/12/Joanne2-267x300.pngElliott2.png,cceb287f3cd15f9abe853564d5cf3b73
https://wordpress.clir.org/wp-content/uploads/sites/10/2017/12/Joanne2-267x300.pngIMG_7278-150x150.jpg,aa26245be39231dc7ca642fbadc339e6
https://wordpress.clir.org/wp-content/uploads/sites/10/2017/12/Joanne2-267x300.pngIMG_7278-1856x1080.jpg,8774aaedef457a37b1d7467130f80b90
https://wordpress.clir.org/wp-content/uploads/sites/10/2017/12/Joanne2-267x300.pngIMG_7278-200x300.jpg,0d124461360c982e38aaa0f695a0f376
https://wordpress.clir.org/wp-content/uploads/sites/10/2017/12/Joanne2-267x300.pngIMG_7278-400x300.jpg,9eec000f55360558729f567dbc08b5ee
https://wordpress.clir.org/wp-content/uploads/sites/10/2017/12/Joanne2-267x300.pngIMG_7278-640x360.jpg,6eb44c5a82b98c4005e51f7683c0d56f
https://wordpress.clir.org/wp-content/uploads/sites/10/2017/12/Joanne2-267x300.pngIMG_7278-683x1024.jpg,e482d7bbe9b96b4da356a3735581ae62
https://wordpress.clir.org/wp-content/uploads/sites/10/2017/12/Joanne2-267x300.pngIMG_7278-768x1152.jpg,f00e3bcbc78f41e70c7a8da071d1d0f3
https://wordpress.clir.org/wp-content/uploads/sites/10/2017/12/Joanne2-267x300.pngIMG_7278.jpg,bb7d70e7b81c3b5f227e40f54e9c017a
https://wordpress.clir.org/wp-content/uploads/sites/10/2017/12/Joanne2-267x300.pngIMG_7506-1024x683.jpg,b7e2fe534b5bcfe7eff1df096c14c5e0
https://wordpress.clir.org/wp-content/uploads/sites/10/2017/12/Joanne2-267x300.pngIMG_7506-150x150.jpg,ea4db9f7602232e67571482faa86d42c
https://wordpress.clir.org/wp-content/uploads/sites/10/2017/12/Joanne2-267x300.pngIMG_7506-1920x1080.jpg,9754317b8c9503094dddd416c0b5f840
https://wordpress.clir.org/wp-content/uploads/sites/10/2017/12/Joanne2-267x300.pngIMG_7506-300x200.jpg,61939bf5b416a3634174571f9e1155d9
https://wordpress.clir.org/wp-content/uploads/sites/10/2017/12/Joanne2-267x300.pngIMG_7506-400x300.jpg,01a765eec4df2bad8d9e00dfedd99ffc
https://wordpress.clir.org/wp-content/uploads/sites/10/2017/12/Joanne2-267x300.pngIMG_7506-640x360.jpg,65050112dc9eb233fd605b3d88e4981a
https://wordpress.clir.org/wp-content/uploads/sites/10/2017/12/Joanne2-267x300.pngIMG_7506-768x512.jpg,4ffacf587a11ba3d5824b857b492a4ce
https://wordpress.clir.org/wp-content/uploads/sites/10/2017/12/Joanne2-267x300.pngIMG_7506.jpg,44f2a014a85d3355bfa1a1682c82b288
https://wordpress.clir.org/wp-content/uploads/sites/10/2017/12/Joanne2-267x300.pngJoanne2-1-1024x900.png,9dad775d7a1686ed0a585a43d7e355e7
https://wordpress.clir.org/wp-content/uploads/sites/10/2017/12/Joanne2-267x300.pngJoanne2-1-150x150.png,eacd052bc0d53fad3daa61ace91e1b37
https://wordpress.clir.org/wp-content/uploads/sites/10/2017/12/Joanne2-267x300.pngJoanne2-1-1839x1080.png,0cb058eea304e34c90e0014b0c3b6ad3
https://wordpress.clir.org/wp-content/uploads/sites/10/2017/12/Joanne2-267x300.pngJoanne2-1-300x264.png,fcfdab9e1c11331c832eb80864e0c793
https://wordpress.clir.org/wp-content/uploads/sites/10/2017/12/Joanne2-267x300.pngJoanne2-1-400x300.png,78bfb92c22aef59da0f877fa1d19b47b
https://wordpress.clir.org/wp-content/uploads/sites/10/2017/12/Joanne2-267x300.pngJoanne2-150x150.png,3e4f4b17e8e754b709fd62bbe236e43c
https://wordpress.clir.org/wp-content/uploads/sites/10/2017/12/Joanne2-267x300.pngJoanne2-1-640x360.png,b84893fc812095656448526619cef84c
https://wordpress.clir.org/wp-content/uploads/sites/10/2017/12/Joanne2-267x300.pngJoanne2-1-768x675.png,fefdfe6cf799fecb85e351d4c2b40368
https://wordpress.clir.org/wp-content/uploads/sites/10/2017/12/Joanne2-267x300.pngJoanne2-1839x1080.png,428ddcc1ddc567d262cf36b6a65cde1e
https://wordpress.clir.org/wp-content/uploads/sites/10/2017/12/Joanne2-267x300.pngJoanne2-1.png,381f08522dde8ba7014e09fbdd2acd45
https://wordpress.clir.org/wp-content/uploads/sites/10/2017/12/Joanne2-267x300.png,2427954b1e70ba1d9ba2734c206217d4
https://wordpress.clir.org/wp-content/uploads/sites/10/2017/12/Joanne2-400x300.png,f45f9c48f2b7eaa9960a89a40cc6bca7
https://wordpress.clir.org/wp-content/uploads/sites/10/2017/12/Joanne2-640x360.png,22cc75cf9a4c9e545cd3e2c317225e64
https://wordpress.clir.org/wp-content/uploads/sites/10/2017/12/Joanne2-768x862.png,6255ab561df726578733f2f36b5ec2cf
https://wordpress.clir.org/wp-content/uploads/sites/10/2017/12/Joanne2-768x919.png,f9f8d5fa02b7a1d9cb0cab33849ea91b
https://wordpress.clir.org/wp-content/uploads/sites/10/2017/12/Joanne2-912x1024.png,4d0015b34c5e5d4267de6e39d9a19b82
https://wordpress.clir.org/wp-content/uploads/sites/10/2017/12/Joanne2.png,fac96b605c51a9c0b99f88ffe19af4f6
https://wordpress.clir.org/wp-content/uploads/sites/10/2017/12/Logo-150x89.png,f8adc83dd5431889594eb2a48421b906
https://wordpress.clir.org/wp-content/uploads/sites/10/2017/12/Logo.png,03183fc9c9b55ea439db404f6e1a477c
https://wordpress.clir.org/wp-content/uploads/sites/10/2017/12/Pin-1024x394.png,a7f25e8a7477265cc976b96779a9ba82
https://wordpress.clir.org/wp-content/uploads/sites/10/2017/12/Pin-150x150.png,dcec2cc24a165cba7c34777722a785ff
https://wordpress.clir.org/wp-content/uploads/sites/10/2017/12/Pin-300x115.png,8dc563e961c27b18b81ab5b2f502da05
https://wordpress.clir.org/wp-content/uploads/sites/10/2017/12/Pin-400x300.png,aca252135f8cf7e3c84f6b88988985d8
https://wordpress.clir.org/wp-content/uploads/sites/10/2017/12/Pin-640x360.png,ffebd0e98ba7bc49465ccb854bf0df71
https://wordpress.clir.org/wp-content/uploads/sites/10/2017/12/Pin-768x296.png,6172143c9fffa64a7cb89f117e086f3f
https://wordpress.clir.org/wp-content/uploads/sites/10/2017/12/Pin.png,b95d24233ae62caab304a623dbbf360a
